"","GISJOIN_T","X.1","X","whites","blacks","asians","latino","native_americans","others","tot","E","H","Estd","Estd_cls","H_cls","biv_cls"
"1","G2601630500100",2,2,1379,2735,42,59,5,108,4328,0.857911098285497,0.114035072452358,0.478809300589387,"M","L","ML"
"2","G2601630500200",3,3,780,2403,58,33,12,82,3368,0.805447669589895,0.133311182614272,0.449528903529058,"M","L","ML"
"3","G2601630500300",4,4,660,3659,117,45,13,112,4606,0.706703654509627,0.150838763340217,0.394418819404424,"M","L","ML"
"4","G2601630500400",5,5,172,4228,27,26,6,58,4517,0.311343157243289,0.202718063037016,0.173763924561495,"L","L","LL"
"5","G2601630500500",6,6,141,3678,14,24,16,34,3907,0.292001808985645,0.212694477075544,0.162969312567076,"L","L","LL"
"6","G2601630500600",7,7,426,5494,76,49,7,71,6123,0.435241956182016,0.201235608260747,0.242913160866136,"L","L","LL"
"7","G2601630500700",8,8,1169,3394,23,63,3,118,4770,0.765804993260111,0.136359295422055,0.427403904604474,"M","L","ML"
"8","G2601630500800",9,9,858,1549,39,50,6,95,2597,0.948261856963371,0.137826494731098,0.529235019124476,"M","L","ML"
"9","G2601630500900",10,10,485,3975,64,48,3,72,4647,0.545023011788883,0.119903061921913,0.304183134594341,"L","L","LL"
"10","G2601630501000",11,11,243,3707,40,28,6,69,4093,0.415098480183202,0.160700501285966,0.231670872855517,"L","L","LL"
"11","G2601630501100",12,12,208,4878,12,38,7,48,5191,0.289595306164241,0.172580077739488,0.161626217769625,"L","L","LL"
"12","G2601630501200",13,13,115,3008,5,21,4,52,3205,0.29717142332775,0.177343181901834,0.165854529266577,"L","L","LL"
"13","G2601630501300",14,14,251,5339,9,30,13,65,5707,0.302346188812391,0.194836152819486,0.168742620873465,"L","L","LL"
"14","G2601630501400",15,15,721,3612,14,46,10,86,4489,0.62293615467623,0.113100390218617,0.347667287587775,"M","L","ML"
"15","G2601630501500",16,16,1917,2106,93,55,9,88,4268,0.940518802638831,0.154446758007692,0.524913538223987,"M","L","ML"
"16","G2601630501600",17,17,1166,826,15,46,9,48,2110,0.922806220915356,0.163498175450568,0.515027958140458,"M","L","ML"
"17","G2601630501700",18,18,1566,1099,22,55,22,76,2840,0.944218272153363,0.121157760713887,0.526978251472649,"M","L","ML"
"18","G2601630501800",19,19,1690,3352,48,71,12,138,5311,0.863662926577095,0.120328107264318,0.482019457081026,"M","L","ML"
"19","G2601630501900",20,20,342,3611,12,31,4,64,4064,0.439877549586983,0.130064965359952,0.245500334805818,"L","L","LL"
"20","G2601630502000",21,21,144,3187,2,32,7,71,3443,0.344731995795385,0.194391973423568,0.192398590165624,"L","L","LL"
"21","G2601630503100",22,22,528,2715,46,23,13,55,3380,0.646832138857012,0.13509030000272,0.36100389029097,"M","L","ML"
"22","G2601630503200",23,23,604,4231,115,42,9,102,5103,0.622318406121794,0.16996122081416,0.347322515555008,"M","L","ML"
"23","G2601630503300",24,24,491,4926,245,20,14,76,5772,0.570250099232278,0.160472857910906,0.318262640173438,"L","L","LL"
"24","G2601630503400",25,25,300,1884,528,26,9,90,2837,0.993076559875866,0.175739376950319,0.554246581045677,"M","L","ML"
"25","G2601630503500",26,26,301,5669,310,47,15,93,6435,0.51229827492182,0.202381485952327,0.28591911119774,"L","L","LL"
"26","G2601630503600",27,27,229,2522,418,24,8,101,3302,0.809573106385665,0.260753129501086,0.451831353643943,"M","L","ML"
"27","G2601630503700",28,28,118,2189,320,53,8,86,2774,0.770520226308084,0.225784363030887,0.430035526275214,"M","L","ML"
"28","G2601630503900",29,29,132,3965,31,40,6,62,4236,0.321102770801434,0.257508582866354,0.17921086859933,"L","L","LL"
"29","G2601630504000",30,30,79,2378,1,24,3,45,2530,0.293419967144039,0.185907062497522,0.163760801705406,"L","L","LL"
"30","G2601630504100",31,31,108,2902,2,15,3,39,3069,0.263727768589432,0.172157883855409,0.14718927016641,"L","L","LL"
"31","G2601630504200",32,32,52,4089,1,18,4,44,4208,0.161783456195999,0.243620364817441,0.0902930661031751,"L","L","LL"
"32","G2601630504300",33,33,104,3997,7,14,1,59,4182,0.227000864415097,0.166880180669528,0.126691594666384,"L","L","LL"
"33","G2601630504400",34,34,94,3621,2,21,7,52,3797,0.239917186948236,0.15678792780511,0.133900331528093,"L","L","LL"
"34","G2601630504500",35,35,30,472,0,1,0,3,506,0.275102203848234,0.269376518952828,0.153537463355367,"L","L","LL"
"35","G2601630504600",36,36,38,1532,0,23,4,32,1629,0.297510477828278,0.305182918050442,0.166043759186301,"L","L","LL"
"36","G2601630504700",37,37,52,3321,2,13,3,41,3432,0.179801118775857,0.256870239368181,0.100348915054609,"L","L","LL"
"37","G2601630504800",38,38,111,1933,0,13,5,28,2090,0.331938215700747,0.195461841721557,0.185258245541047,"L","L","LL"
"38","G2601630504900",39,39,256,3755,19,17,13,45,4105,0.369866958429544,0.158956241901299,0.206426679909717,"L","L","LL"
"39","G2601630505000",40,40,119,1790,22,15,1,38,1985,0.428328568106387,0.200663088891991,0.239054725515654,"L","L","LL"
"40","G2601630505100",41,41,391,3938,3,24,5,78,4439,0.432053576377506,0.148235684956185,0.241133692215757,"L","L","LL"
"41","G2601630505200",42,42,191,4207,5,23,10,59,4495,0.301203432318146,0.139320218425936,0.168104836330467,"L","L","LL"
"42","G2601630505300",43,43,72,3064,6,10,6,31,3189,0.210739989360202,0.222758042995415,0.117616227501226,"L","L","LL"
"43","G2601630506100",44,44,334,1891,78,15,2,82,2402,0.726840230523996,0.123969748261231,0.4056572564604,"M","L","ML"
"44","G2601630506200",45,45,165,2668,9,19,4,47,2912,0.369184805714451,0.133290698433645,0.206045963230493,"L","L","LL"
"45","G2601630506300",46,46,197,3055,81,26,10,61,3430,0.48136649774648,0.23013935482502,0.268655757658068,"L","L","LL"
"46","G2601630506400",47,47,744,3276,24,99,18,41,4202,0.686958047250752,0.132952779925094,0.383398586165539,"M","L","ML"
"47","G2601630506500",48,48,116,2904,1,23,9,46,3099,0.302316712511013,0.261097172334707,0.168726169836435,"L","L","LL"
"48","G2601630506600",49,49,206,3924,8,18,6,52,4214,0.312708327801068,0.185979516980478,0.174525840756847,"L","L","LL"
"49","G2601630506700",50,50,160,1367,16,0,10,26,1579,0.503003869408659,0.190033110776876,0.280731804713368,"L","L","LL"
"50","G2601630506800",51,51,349,4077,10,34,6,52,4528,0.402325761846085,0.118475343182494,0.224542283021627,"L","L","LL"
"51","G2601630506900",52,52,242,4322,10,37,4,72,4687,0.349299329553989,0.145322895144668,0.194947667671308,"L","L","LL"
"52","G2601630507000",53,53,24,3200,8,19,2,57,3310,0.187001696282088,0.269043117618518,0.104367633878142,"L","L","LL"
"53","G2601630507100",54,54,38,3345,5,9,4,45,3446,0.168093917223414,0.271686409220887,0.093815001461013,"L","L","LL"
"54","G2601630507200",55,55,27,1969,1,21,1,24,2043,0.199455895677584,0.326807246062777,0.111318454905957,"L","L","LL"
"55","G2601630507300",56,56,70,3945,4,31,10,49,4109,0.21956621893115,0.241283506531019,0.122542240017152,"L","L","LL"
"56","G2601630507400",57,57,154,3912,7,36,4,56,4169,0.297873071643721,0.224979156637721,0.166246126647821,"L","L","LL"
"57","G2601630507500",58,58,177,2922,7,17,2,40,3165,0.336516577922576,0.168634136009171,0.187813478149251,"L","L","LL"
"58","G2601630507600",59,59,400,2334,10,23,16,118,2901,0.664988987787029,0.222807155967017,0.371137420623498,"M","L","ML"
"59","G2601630507700",60,60,60,1522,11,6,3,27,1629,0.319015966935182,0.222675746578897,0.178046201186046,"L","L","LL"
"60","G2601630507800",61,61,161,1213,1,15,8,29,1427,0.54549686854116,0.214110852781019,0.30444759908325,"L","L","LL"
"61","G2601630507900",62,62,1305,3074,43,82,19,411,4934,0.984415329725269,0.159467855464222,0.549412656459623,"M","L","ML"
"62","G2601630508000",63,63,810,1369,6,21,7,313,2526,1.02593645052732,0.238976765650877,0.572586035205565,"M","L","ML"
"63","G2601630510200",64,64,370,2297,14,28,3,149,2861,0.673209413003128,0.160281937806128,0.375725327291373,"M","L","ML"
"64","G2601630510300",65,65,144,1519,1,7,0,40,1711,0.428625640467373,0.184263688482851,0.239220524757175,"L","L","LL"
"65","G2601630510400",66,66,43,2300,3,34,19,28,2427,0.279908572444154,0.341534030176044,0.156219948743872,"L","M","LM"
"66","G2601630510500",67,67,940,2007,1167,40,35,542,4731,1.35498958800531,0.317746826154073,0.75623408793206,"H","L","HL"
"67","G2601630510600",68,68,1572,1374,503,62,4,425,3940,1.3092869538625,0.256155263733389,0.730726962155575,"H","L","HL"
"68","G2601630510700",69,69,543,806,113,38,5,465,1970,1.31692205120977,0.310788015079132,0.734988191119839,"H","L","HL"
"69","G2601630510800",70,70,135,1602,5,27,5,63,1837,0.521070044486298,0.389595987125611,0.290814729005334,"L","M","LM"
"70","G2601630510900",71,71,74,1992,27,20,3,35,2151,0.361670557183876,0.349472633014809,0.201852181275032,"L","M","LM"
"71","G2601630511200",73,73,11,1996,1,12,1,20,2041,0.132946419456268,0.289744944731262,0.0741988094604825,"L","L","LL"
"72","G2601630511500",74,74,49,1905,17,25,8,43,2047,0.352652868421588,0.277002942766147,0.196819313349867,"L","L","LL"
"73","G2601630511600",75,75,91,3012,4,34,10,66,3217,0.316591286298853,0.202635290372419,0.176692961156918,"L","L","LL"
"74","G2601630511700",76,76,7,748,0,3,0,3,761,0.10371289491779,0.43732363250716,0.0578832687640114,"L","M","LM"
"75","G2601630512100",77,77,110,4905,3,36,43,85,5182,0.279798311079319,0.247028357989515,0.15615841070446,"L","L","LL"
"76","G2601630512200",78,78,43,1614,2,14,4,21,1698,0.257401419522248,0.269116745974775,0.143658467524742,"L","L","LL"
"77","G2601630512300",79,79,55,1875,9,13,4,25,1981,0.276757276074899,0.252488684480244,0.154461176752778,"L","L","LL"
"78","G2601630512400",80,80,54,2413,1,40,1,36,2545,0.263920626502639,0.229679166535895,0.147296906217186,"L","L","LL"
"79","G2601630512600",81,81,139,2839,2,9,3,36,3028,0.283546376730556,0.308478501306707,0.158250245973426,"L","L","LL"
"80","G2601630512900",82,82,207,2672,7,52,9,51,2998,0.45837129384507,0.247200857995547,0.255821890000978,"L","L","LL"
"81","G2601630513200",83,83,351,2324,11,34,6,67,2793,0.591762762953669,0.22105601559874,0.330269086401769,"M","L","ML"
"82","G2601630513300",84,84,441,2030,20,18,3,62,2574,0.659570633627396,0.288738987758535,0.368113379588589,"M","L","ML"
"83","G2601630513400",85,85,50,2697,18,9,4,43,2821,0.238112456469306,0.20962357725675,0.132893092269741,"L","L","LL"
"84","G2601630513500",86,86,66,588,6,7,5,9,681,0.534976701222803,0.229301403149368,0.298576181909778,"L","L","LL"
"85","G2601630513600",87,87,148,2496,3,9,7,26,2689,0.315737523350901,0.266153166528196,0.176216466983111,"L","L","LL"
"86","G2601630513900",88,88,54,4054,2,24,28,42,4204,0.203499465878104,0.217368442258339,0.113575214404073,"L","L","LL"
"87","G2601630514000",89,89,31,279,0,1,1,0,312,0.366202897850506,0.0465551177180017,0.204381728764228,"L","L","LL"
"88","G2601630514100",90,90,48,5028,10,17,6,42,5151,0.145224847374104,0.226409141041144,0.0810515305587705,"L","L","LL"
"89","G2601630514300",91,91,38,4037,2,21,5,47,4150,0.159103935309375,0.191355664241509,0.0887975970222846,"L","L","LL"
"90","G2601630514500",92,92,8,1759,0,17,11,17,1812,0.171352908222408,0.268769832900962,0.0956338789693863,"L","L","LL"
"91","G2601630514600",93,93,19,1786,0,15,3,25,1848,0.187754639629176,0.16066244830789,0.104787859561343,"L","L","LL"
"92","G2601630514700",94,94,17,1664,1,8,3,13,1706,0.148064742310922,0.268927622669081,0.0826365061012975,"L","L","LL"
"93","G2601630514800",95,95,24,1203,0,9,10,15,1261,0.246669774990781,0.328111875722419,0.13766902267136,"L","L","LL"
"94","G2601630514900",96,96,17,2164,2,11,5,26,2225,0.162529819027839,0.155414987525584,0.0907096191308881,"L","L","LL"
"95","G2601630515000",97,97,17,2392,1,18,6,21,2455,0.154410740127873,0.279956132170275,0.086178274919009,"L","L","LL"
"96","G2601630515100",98,98,61,2087,6,12,6,13,2185,0.235194234367273,0.322044337500081,0.13126440150396,"L","L","LL"
"97","G2601630515200",99,99,222,3105,6,17,3,25,3378,0.336801968167327,0.303390079687306,0.18797275747756,"L","L","LL"
"98","G2601630515300",100,100,359,2760,26,46,5,55,3251,0.560162241286001,0.143138925624201,0.312632499454481,"L","L","LL"
"99","G2601630515400",101,101,522,1019,9,23,5,49,1627,0.870017231336627,0.186043394890028,0.485565862091667,"M","L","ML"
"100","G2601630515600",102,102,45,2177,1,15,4,24,2266,0.212305157944246,0.224407758851939,0.118489764720325,"L","L","LL"
"101","G2601630515700",103,103,904,2855,21,42,10,72,3904,0.733389610949739,0.0996769868032406,0.409312535273335,"M","L","ML"
"102","G2601630515800",104,104,9,61,0,0,0,0,70,0.383662000469388,0,0.214125839465875,"L","L","LL"
"103","G2601630516100",105,105,20,1360,0,6,5,9,1400,0.164789098376509,0.400478311691719,0.0919705469437285,"L","M","LM"
"104","G2601630516200",106,106,54,1547,1,8,2,13,1625,0.23753878295303,0.232365005611539,0.132572918984136,"L","L","LL"
"105","G2601630516300",107,107,103,1327,0,10,2,13,1455,0.356877557416897,0.217587649766028,0.199177157172023,"L","L","LL"
"106","G2601630516400",108,108,162,1513,4,12,5,26,1722,0.465021603650804,0.23704165373269,0.259533498573416,"L","L","LL"
"107","G2601630516500",109,109,359,1028,37,38,1,37,1500,0.881813883372901,0.071639958260926,0.492149698950838,"M","L","ML"
"108","G2601630516600",110,110,10,2220,2,23,1,27,2283,0.159352172222836,0.0517950806060777,0.088936140681589,"L","L","LL"
"109","G2601630516700",111,111,40,2779,1,20,5,30,2875,0.188296244395941,0.0152911219822063,0.105090134937066,"L","L","LL"
"110","G2601630516800",112,112,30,1744,0,21,7,30,1832,0.254029471364472,0.339950998605133,0.141776547425708,"L","M","LM"
"111","G2601630516900",113,113,130,1949,3,12,11,39,2144,0.394792006443136,0.0722151533585427,0.220337614073403,"L","L","LL"
"112","G2601630517000",114,114,575,1523,62,33,7,58,2258,0.886376901939866,0.0416369578916297,0.494696368102212,"M","L","ML"
"113","G2601630517100",115,115,162,1119,10,13,1,28,1333,0.571439437380106,0.0372272937799093,0.318926422432303,"L","L","LL"
"114","G2601630517200",116,116,592,2246,14,36,2,31,2921,0.658558231579557,0.104323280835482,0.367548347247348,"M","L","ML"
"115","G2601630517400",117,117,77,380,0,4,2,8,471,0.602193343155408,0.183506067905145,0.336090504053455,"M","L","ML"
"116","G2601630517500",118,118,231,2229,105,24,7,41,2637,0.606990011260078,0.311736525694516,0.338767575494711,"M","L","ML"
"117","G2601630517600",119,119,17,1690,9,16,7,15,1754,0.213416529237334,0.146453659049372,0.119110032849041,"L","L","LL"
"118","G2601630517700",120,120,26,100,2,3,0,2,133,0.745266765999109,0.430935112052096,0.415941301719584,"M","M","MM"
"119","G2601630517800",121,121,40,1696,5,6,0,17,1764,0.204352429353706,0.084646562669147,0.114051262383866,"L","L","LL"
"120","G2601630518000",123,123,529,1263,48,31,4,44,1919,0.888863173349434,0.360350199471354,0.496083982596383,"M","M","MM"
"121","G2601630518100",124,124,33,226,3,1,3,8,274,0.63629283109837,0.501915322021611,0.355121790634378,"M","M","MM"
"122","G2601630518400",125,125,272,1141,14,16,6,66,1515,0.771615197689541,0.304471794499896,0.430646641438974,"M","L","ML"
"123","G2601630518500",126,126,324,1732,2,11,2,38,2109,0.562495406998783,0.170912414891787,0.31393466403229,"L","L","LL"
"124","G2601630518600",127,127,24,1457,0,7,6,21,1515,0.209266689160822,0.274378071173503,0.116793963003851,"L","L","LL"
"125","G2601630518800",128,128,57,1743,2,9,2,14,1827,0.23150875936605,0.392000119411875,0.129207498741888,"L","M","LM"
"126","G2601630520100",129,129,95,78,3,5,1,6,188,1.01019102438642,0.170268468585752,0.563798345556754,"M","L","ML"
"127","G2601630520200",130,130,855,672,752,73,3,55,2410,1.28767838431027,0.14470281815687,0.7186669898639,"H","L","HL"
"128","G2601630520300",131,131,545,1304,221,65,5,71,2211,1.11467965588923,0.157736304785883,0.622114561152264,"M","L","ML"
"129","G2601630520400",132,132,411,1077,126,38,10,62,1724,1.06046890388976,0.165602658167566,0.591858964388028,"M","L","ML"
"130","G2601630520500",133,133,66,1716,9,28,5,14,1838,0.326591546009392,0.303121509562534,0.182274212369642,"L","L","LL"
"131","G2601630520600",134,134,401,1377,21,42,33,39,1913,0.846939970492613,0.151567197965009,0.472686197582927,"M","L","ML"
"132","G2601630520700",135,135,350,1447,13,49,8,52,1919,0.771337606242686,0.134344692952938,0.430491714702645,"M","L","ML"
"133","G2601630520800",136,136,348,825,57,39,3,29,1301,0.982542591434207,0.0405932902657879,0.548367461318631,"M","L","ML"
"134","G2601630520900",137,137,5,40,1,0,1,2,49,0.687970051419854,0.0458800822104374,0.383963396446429,"M","L","ML"
"135","G2601630521100",138,138,273,394,5,1285,23,32,2012,1.00856164337908,0.257573465886874,0.562888970701853,"M","L","ML"
"136","G2601630521300",139,139,109,749,0,85,1,11,955,0.712188175433785,0.351154416609163,0.397479788813739,"M","M","MM"
"137","G2601630521400",140,140,475,435,4,305,9,25,1253,1.2108400557999,0.293291093862181,0.675782702195827,"H","L","HL"
"138","G2601630521500",141,141,386,1307,3,132,7,61,1896,0.907454927685406,0.374751418558896,0.506460238257519,"M","M","MM"
"139","G2601630521800",142,142,3,201,0,0,0,1,205,0.107106938231684,0.225401553570767,0.0597775204044706,"L","L","LL"
"140","G2601630521900",143,143,635,2384,21,60,10,79,3189,0.756355969709705,0.252889894840502,0.42213030415046,"M","L","ML"
"141","G2601630522000",144,144,112,1484,2,48,8,24,1678,0.485256973116013,0.315282577611701,0.27082707330414,"L","L","LL"
"142","G2601630522100",145,145,19,1799,0,34,1,18,1871,0.205875827631518,0.278822807316102,0.114901487151183,"L","L","LL"
"143","G2601630522200",146,146,50,1260,0,20,4,30,1364,0.357422208954587,0.276467458501775,0.199481132982975,"L","L","LL"
"144","G2601630522300",147,147,51,2549,2,28,5,27,2662,0.228975640722911,0.289415564731643,0.127793738308837,"L","L","LL"
"145","G2601630522400",148,148,50,1450,9,48,1,18,1576,0.377725966493749,0.212300877993039,0.210812875824502,"L","L","LL"
"146","G2601630523100",149,149,472,207,18,1205,11,43,1956,1.03537719550306,0.279515679221029,0.577855015299083,"M","L","ML"
"147","G2601630523200",150,150,1089,263,16,3200,24,83,4675,0.878825522922987,0.0873146010781999,0.490481863227776,"M","L","ML"
"148","G2601630523300",151,151,679,136,20,3034,9,55,3933,0.720273219904561,0.0717798799851986,0.401992138049019,"M","L","ML"
"149","G2601630523400",152,152,659,359,14,1775,20,59,2886,1.0352992705639,0.0970123290168197,0.57781152456247,"M","L","ML"
"150","G2601630523500",153,153,389,209,4,465,19,27,1113,1.22604100863664,0.305941933085522,0.684266515507719,"H","L","HL"
"151","G2601630523600",154,154,224,696,0,212,2,26,1160,1.03077427221383,0.343051722178886,0.575286074898168,"M","M","MM"
"152","G2601630523700",155,155,834,399,0,605,12,41,1891,1.1691271635568,0.209248961171257,0.652502293770766,"M","L","ML"
"153","G2601630523800",156,156,1706,422,26,3239,39,111,5543,1.01103011652995,0.126466680418571,0.564266651798709,"M","L","ML"
"154","G2601630524000",157,157,1062,175,24,2124,19,53,3457,0.94003263956365,0.0837799290300721,0.524642205445492,"M","L","ML"
"155","G2601630524100",158,158,1446,183,25,2957,60,156,4827,0.978088747657392,0.0824136829591075,0.545881723777792,"M","L","ML"
"156","G2601630524200",159,159,1970,282,31,3261,49,194,5787,1.01952248009978,0.0766687519250745,0.56900633015157,"M","L","ML"
"157","G2601630524300",160,160,1326,183,4,1588,52,83,3236,1.04597688608123,0.102144942476955,0.583770815248916,"M","L","ML"
"158","G2601630524500",161,161,803,255,24,479,3,32,1596,1.15314531237164,0.296302494416839,0.643582652792372,"M","L","ML"
"159","G2601630524700",162,162,31,5123,2,76,6,44,5282,0.171395212794558,0.259060548336242,0.0956574896006554,"L","L","LL"
"160","G2601630524800",163,163,41,3494,10,36,12,44,3637,0.223256453888848,0.292730178512166,0.124601799361515,"L","L","LL"
"161","G2601630525100",164,164,11,1889,3,30,3,20,1956,0.193604342739913,0.22373755091243,0.108052641029615,"L","L","LL"
"162","G2601630525200",165,165,22,1810,2,17,2,39,1892,0.231025215439254,0.343617521559346,0.128937627737939,"L","M","LM"
"163","G2601630525300",166,166,4,823,4,1,0,10,842,0.133785763676854,0.401993032986138,0.0746672563893261,"L","M","LM"
"164","G2601630525400",167,167,378,2131,81,539,8,42,3179,0.987933974281009,0.382420685750095,0.551376449377238,"M","M","MM"
"165","G2601630525500",168,168,172,1186,26,303,1,32,1720,0.934290463810522,0.319536366785479,0.521437436138146,"M","L","ML"
"166","G2601630525600",169,169,751,303,30,1180,7,49,2320,1.13003305162271,0.162883716400739,0.630683454464769,"M","L","ML"
"167","G2601630525700",170,170,1950,338,96,2845,28,138,5395,1.0715948025499,0.0914118270118984,0.598068446660185,"M","L","ML"
"168","G2601630525800",171,171,950,331,23,1152,13,99,2568,1.1860620968511,0.156590233045901,0.661953860002252,"H","L","HL"
"169","G2601630526000",172,172,1453,290,18,1316,26,298,3401,1.21898583273367,0.129616676590355,0.68032894686408,"H","L","HL"
"170","G2601630526100",173,173,1624,178,29,540,11,432,2814,1.16515802226664,0.0843026462328236,0.650287073838448,"M","L","ML"
"171","G2601630526200",174,174,1511,534,15,971,27,491,3549,1.33701201377485,0.115649522243563,0.746200612714424,"H","L","HL"
"172","G2601630526300",175,175,1245,1059,51,2236,30,191,4812,1.24699633769609,0.147576308867315,0.695961907338674,"H","L","HL"
"173","G2601630526400",176,176,364,886,17,860,12,31,2170,1.15944364893348,0.215213445217857,0.647097821357129,"M","L","ML"
"174","G2601630526500",177,177,65,3412,0,23,12,45,3557,0.220143627295831,0.228715547229762,0.122864497761341,"L","L","LL"
"175","G2601630530100",178,178,28,4018,0,32,13,81,4172,0.201675290793187,0.228912478508648,0.11255712290449,"L","L","LL"
"176","G2601630530200",179,179,590,4431,44,85,6,72,5228,0.560361958096369,0.511560598872831,0.312743963528648,"L","M","LM"
"177","G2601630530300",180,180,25,2617,12,43,17,25,2739,0.249819371969892,0.329708820561778,0.139426846214756,"L","L","LL"
"178","G2601630530400",181,181,9,2187,0,29,4,16,2245,0.150318829358519,0.177209742893415,0.0838945360357331,"L","L","LL"
"179","G2601630530500",182,182,13,2896,7,16,2,31,2965,0.141872995378328,0.214530870405453,0.0791808263413009,"L","L","LL"
"180","G2601630530700",183,183,38,2954,12,14,1,30,3049,0.179933933572935,0.226837055423029,0.100423040404221,"L","L","LL"
"181","G2601630530800",184,184,31,3409,3,18,6,24,3491,0.143563651960663,0.301947177492196,0.080124399745751,"L","L","LL"
"182","G2601630531000",185,185,5,1592,1,5,8,17,1628,0.135705363747728,0.302384121662267,0.0757386055876092,"L","L","LL"
"183","G2601630531100",186,186,49,1835,2,6,9,42,1943,0.27952794940598,0.422096715410455,0.156007518981557,"L","M","LM"
"184","G2601630531200",187,187,79,3340,3,17,9,59,3507,0.24781944329997,0.179097909575789,0.138310664771728,"L","L","LL"
"185","G2601630531300",188,188,7,1897,0,4,5,15,1928,0.102389176916709,0.212593828349597,0.0571444876810508,"L","L","LL"
"186","G2601630531400",189,189,8,2470,2,5,1,27,2513,0.105145397549465,0.208033003742039,0.0586827637053117,"L","L","LL"
"187","G2601630531500",190,190,29,4441,6,7,5,56,4544,0.135069170012799,0.173662106780654,0.0753835391036001,"L","L","LL"
"188","G2601630531600",191,191,13,2621,8,30,13,35,2720,0.20967245960619,0.16655250966414,0.117020427801352,"L","L","LL"
"189","G2601630531700",192,192,17,2695,1,8,7,61,2789,0.182486980832938,0.184872707169162,0.101847923210117,"L","L","LL"
"190","G2601630531800",193,193,22,3561,5,12,6,26,3632,0.124173084630434,0.218366140454739,0.0693023180638927,"L","L","LL"
"191","G2601630531900",194,194,61,1881,8,16,3,29,1998,0.295288429951893,0.334093487414774,0.164803610653785,"L","M","LM"
"192","G2601630532200",195,195,48,2194,2,7,3,45,2299,0.234827313877523,0.202683743418014,0.131059619279531,"L","L","LL"
"193","G2601630532300",196,196,169,1115,5,22,2,36,1349,0.611925542608314,0.170915321656364,0.341522147987838,"M","L","ML"
"194","G2601630532400",197,197,108,2150,5,15,8,48,2334,0.362784825538528,0.159086396923047,0.202474066284593,"L","L","LL"
"195","G2601630532500",198,198,165,2782,16,26,4,76,3069,0.414226562507316,0.100997816158516,0.231184246335127,"L","L","LL"
"196","G2601630532600",199,199,373,2796,188,40,6,58,3461,0.701779246955847,0.267906182249371,0.39167045521919,"M","L","ML"
"197","G2601630532700",200,200,15,1744,2,13,4,19,1797,0.173926004052841,0.203962028462779,0.097069951095486,"L","L","LL"
"198","G2601630533000",201,201,83,2396,4,12,3,28,2526,0.255875490096566,0.221172674480565,0.142806830096902,"L","L","LL"
"199","G2601630533100",202,202,12,2449,5,21,4,64,2555,0.219926019347325,0.176504303179309,0.122743048452857,"L","L","LL"
"200","G2601630533200",203,203,13,2992,6,9,2,25,3047,0.114859760209349,0.231534058983432,0.064104452735966,"L","L","LL"
"201","G2601630533300",204,204,49,2912,9,19,7,41,3037,0.227995825890087,0.196792047691605,0.127246893238586,"L","L","LL"
"202","G2601630533400",205,205,33,4478,4,32,11,73,4631,0.187957506017841,0.20856778686281,0.104901081448627,"L","L","LL"
"203","G2601630533500",206,206,5,1969,0,19,4,7,2004,0.108600800281283,0.196915849886597,0.060611260688954,"L","L","LL"
"204","G2601630533600",207,207,17,3929,1,27,8,41,4023,0.140946698684917,0.199482837049808,0.078663850313369,"L","L","LL"
"205","G2601630533700",208,208,14,1865,2,6,2,38,1927,0.177085687331264,0.30009121642388,0.0988334039097103,"L","L","LL"
"206","G2601630534100",209,209,17,2853,6,15,6,42,2939,0.171569104160924,0.213843229667983,0.0957545402200895,"L","L","LL"
"207","G2601630534200",210,210,51,5810,5,50,8,71,5995,0.178134188677478,0.206008195655415,0.0994185836529852,"L","L","LL"
"208","G2601630534300",211,211,35,2444,3,15,3,24,2524,0.181253437757216,0.191503411697288,0.101159469711247,"L","L","LL"
"209","G2601630534400",212,212,44,3043,1,33,2,45,3168,0.213236304399574,0.199423174736742,0.119009447451919,"L","L","LL"
"210","G2601630534500",213,213,19,1741,4,8,1,25,1798,0.180574177133789,0.204310152244734,0.100780367139115,"L","L","LL"
"211","G2601630534600",214,214,23,2889,2,28,6,37,2985,0.184727181323334,0.255163490624009,0.103098202909412,"L","L","LL"
"212","G2601630534700",215,215,71,3666,7,22,4,45,3815,0.213286970642682,0.22087344124027,0.119037724820605,"L","L","LL"
"213","G2601630535000",216,216,108,3584,9,33,8,55,3797,0.28564150594397,0.174105841650493,0.159419559851431,"L","L","LL"
"214","G2601630535100",217,217,63,2645,3,22,8,44,2785,0.26263732992627,0.232684689997446,0.146580684760897,"L","L","LL"
"215","G2601630535200",218,218,49,3345,2,46,2,22,3466,0.19258863422159,0.218428423102591,0.10748576331206,"L","L","LL"
"216","G2601630535300",219,219,98,4673,3,24,11,80,4889,0.233214601846828,0.203954840032423,0.130159547557633,"L","L","LL"
"217","G2601630535400",220,220,42,2030,7,10,3,15,2107,0.202805979985249,0.154274828480553,0.113188172557907,"L","L","LL"
"218","G2601630535500",221,221,95,3303,5,33,5,63,3504,0.288384800177506,0.156669218872826,0.160950621514924,"L","L","LL"
"219","G2601630535600",222,222,169,3561,11,36,9,30,3816,0.315804640428434,0.154899456292504,0.176253925737305,"L","L","LL"
"220","G2601630535700",223,223,34,1899,0,13,1,24,1971,0.196533770752502,0.151315095799633,0.109687585933158,"L","L","LL"
"221","G2601630536100",224,224,68,5100,7,35,12,78,5300,0.210687397491145,0.185612176275826,0.117586875420234,"L","L","LL"
"222","G2601630536200",225,225,27,2352,2,15,0,16,2412,0.145598713266993,0.233045327707313,0.081260189086497,"L","L","LL"
"223","G2601630536300",226,226,44,4708,0,33,10,62,4857,0.175135224153988,0.268754444822551,0.0977448296837756,"L","L","LL"
"224","G2601630536400",227,227,19,4181,7,24,4,18,4253,0.110407608523253,0.2801326525439,0.0616196595689375,"L","L","LL"
"225","G2601630536500",228,228,18,2901,1,15,8,43,2986,0.165072876055224,0.165224454290061,0.0921289262817977,"L","L","LL"
"226","G2601630536600",229,229,29,4380,2,28,12,52,4503,0.161763013785454,0.249200488204778,0.0902816569766178,"L","L","LL"
"227","G2601630536700",230,230,17,1773,1,19,9,13,1832,0.187820904968948,0.227946020010857,0.104824842951642,"L","L","LL"
"228","G2601630536800",231,231,14,2200,1,7,0,13,2235,0.0987614637066864,0.266522785037123,0.055119822388457,"L","L","LL"
"229","G2601630536900",232,232,31,4091,1,23,14,47,4207,0.163031788784349,0.207510968948219,0.0909897737862036,"L","L","LL"
"230","G2601630537000",233,233,91,4443,3,48,6,75,4666,0.250179403254875,0.303322489909429,0.139627783500796,"L","L","LL"
"231","G2601630537100",234,234,39,2947,3,46,8,38,3081,0.237036690471194,0.246114626288251,0.132292695834512,"L","L","LL"
"232","G2601630537200",235,235,15,1460,1,13,7,21,1517,0.212188502509646,0.270922239971461,0.11842465808263,"L","L","LL"
"233","G2601630537300",236,236,73,4080,1,6,3,47,4210,0.167373717377077,0.133193738756561,0.0934130502735318,"L","L","LL"
"234","G2601630537500",237,237,46,3743,2,22,11,42,3866,0.183169565555016,0.199112700080904,0.10222888099703,"L","L","LL"
"235","G2601630537600",238,238,47,3741,6,33,8,65,3900,0.224456228733839,0.194244672721578,0.125271406451973,"L","L","LL"
"236","G2601630537700",239,239,65,4147,3,11,4,49,4279,0.172097491363382,0.185168956178838,0.0960494387327152,"L","L","LL"
"237","G2601630537800",240,240,60,2735,5,12,2,44,2858,0.226632590652913,0.115196063346541,0.12648605716623,"L","L","LL"
"238","G2601630538100",241,241,347,1969,11,25,2,46,2400,0.595937897709327,0.124787462095727,0.332599273476186,"M","L","ML"
"239","G2601630538200",242,242,274,1848,8,12,3,35,2180,0.525346013412506,0.155043320074001,0.293201192701854,"L","L","LL"
"240","G2601630538300",243,243,210,3104,7,36,15,86,3458,0.442615020107417,0.0713059464848775,0.247028146193143,"L","L","LL"
"241","G2601630538400",244,244,419,3317,58,47,7,104,3952,0.606552622359433,0.203508470042888,0.338523464101325,"M","L","ML"
"242","G2601630538500",245,245,37,5905,6,25,5,108,6086,0.167092625253945,0.221652164080363,0.0932561697725721,"L","L","LL"
"243","G2601630538600",246,246,53,5434,4,36,18,85,5630,0.197255433056207,0.225857929096983,0.110090353333638,"L","L","LL"
"244","G2601630538700",247,247,25,3895,13,21,6,52,4012,0.172498755452742,0.22252611331117,0.0962733884850403,"L","L","LL"
"245","G2601630538800",248,248,12,1610,3,21,0,17,1663,0.180396914520645,0.260657709934538,0.100681434991029,"L","L","LL"
"246","G2601630538900",249,249,50,3535,1,23,9,60,3678,0.212364851992418,0.20862806027445,0.118523080602951,"L","L","LL"
"247","G2601630539000",250,250,26,3348,6,11,1,41,3433,0.146182837859748,0.228219089881868,0.0815861952289432,"L","L","LL"
"248","G2601630539100",251,251,11,2142,3,3,2,38,2199,0.146580219830799,0.209062888437419,0.0818079783297865,"L","L","LL"
"249","G2601630539200",252,252,51,5046,8,53,10,67,5235,0.204709102216187,0.205100108979297,0.114250325298619,"L","L","LL"
"250","G2601630539300",253,253,58,3985,5,19,8,42,4117,0.183474907097021,0.2455150972695,0.10239929535635,"L","L","LL"
"251","G2601630539400",254,254,54,3825,3,28,9,60,3979,0.213625348993989,0.236620962858008,0.119226577374264,"L","L","LL"
"252","G2601630539500",255,255,62,3008,6,11,7,44,3138,0.223329539948655,0.297637440346204,0.124642589468146,"L","L","LL"
"253","G2601630539600",256,256,45,3324,11,20,8,61,3469,0.230303100408331,0.237057412131373,0.128534607665588,"L","L","LL"
"254","G2601630539700",257,257,40,2167,4,17,1,31,2260,0.221943047077693,0.232876773420796,0.123868773063224,"L","L","LL"
"255","G2601630540100",258,258,123,3952,7,25,12,93,4212,0.30492461312044,0.185257471964028,0.170181666879546,"L","L","LL"
"256","G2601630540200",259,259,91,4827,4,26,5,43,4996,0.18712100175062,0.229604640634619,0.104434219527935,"L","L","LL"
"257","G2601630540300",260,260,72,4347,7,37,12,46,4521,0.215437987510351,0.22523478560403,0.120238230192342,"L","L","LL"
"258","G2601630540400",261,261,86,3230,14,13,13,58,3414,0.279347606231347,0.191921272900666,0.155906867539368,"L","L","LL"
"259","G2601630540500",262,262,150,3753,9,33,5,44,3994,0.293133634795198,0.169439391684039,0.163600996578793,"L","L","LL"
"260","G2601630540600",263,263,129,3963,4,28,2,68,4194,0.271175137303823,0.148371457988082,0.151345725785757,"L","L","LL"
"261","G2601630540700",264,264,167,4183,3,19,9,78,4459,0.294432034642212,0.205322747205599,0.164325647330923,"L","L","LL"
"262","G2601630540800",265,265,84,2591,12,13,3,31,2734,0.265444590952964,0.22303062809701,0.148147446971398,"L","L","LL"
"263","G2601630540900",266,266,124,3852,10,21,11,48,4066,0.268033820046207,0.219930770129731,0.149592523242913,"L","L","LL"
"264","G2601630541000",267,267,154,4602,12,34,4,62,4868,0.273257951847146,0.17831135875349,0.152508166715521,"L","L","LL"
"265","G2601630541100",268,268,235,5089,5,55,14,79,5477,0.3323642935944,0.154637509829937,0.185496044141233,"L","L","LL"
"266","G2601630541200",269,269,358,2840,17,28,12,99,3354,0.570544181587982,0.144162181125534,0.318426770661237,"L","L","LL"
"267","G2601630541300",270,270,1217,1348,48,84,20,74,2791,1.0203746272787,0.15153240923393,0.569481922547511,"M","L","ML"
"268","G2601630541400",271,271,783,2271,9,42,7,73,3185,0.759756261100873,0.137895644830497,0.424028042909241,"M","L","ML"
"269","G2601630541500",272,272,249,4088,22,52,14,134,4559,0.454775969661176,0.132403319709405,0.25381530136805,"L","L","LL"
"270","G2601630541700",273,273,130,2170,21,27,5,55,2408,0.442224784475486,0.0798878743224708,0.246810351540104,"L","L","LL"
"271","G2601630541800",274,274,1009,1494,109,32,13,95,2752,1.0206820928456,0.132324482309301,0.569653522347699,"M","L","ML"
"272","G2601630542100",275,275,99,5036,3,26,13,79,5256,0.224247299879651,0.208995893626595,0.125154801038258,"L","L","LL"
"273","G2601630542200",276,276,113,4505,4,23,9,77,4731,0.246628001683719,0.203554533412566,0.137645708544782,"L","L","LL"
"274","G2601630542300",277,277,78,2798,2,28,2,49,2957,0.270127370573783,0.188974971201445,0.150760956039575,"L","L","LL"
"275","G2601630542400",278,278,73,3221,3,19,7,35,3358,0.219172446373249,0.185647734389213,0.122322471368144,"L","L","LL"
"276","G2601630542500",279,279,133,2653,1,18,6,55,2866,0.337371776138919,0.151752836437078,0.188290773361599,"L","L","LL"
"277","G2601630542600",280,280,41,3725,5,26,2,43,3842,0.175105841792211,0.185240234369651,0.0977284310754342,"L","L","LL"
"278","G2601630542700",281,281,56,1411,0,18,2,31,1518,0.330462258293007,0.170736288888447,0.18443449802745,"L","L","LL"
"279","G2601630542800",282,282,111,2742,6,9,10,43,2921,0.295693897828664,0.181549751954787,0.165029906584536,"L","L","LL"
"280","G2601630542900",283,283,374,3371,16,27,9,87,3884,0.504619859858182,0.124076108347559,0.281633706155653,"L","L","LL"
"281","G2601630543000",284,284,359,1803,13,13,5,29,2222,0.594567644894152,0.129589616133901,0.331834520818975,"M","L","ML"
"282","G2601630543100",285,285,352,2390,31,12,2,59,2846,0.562890466678377,0.15866228213834,0.314155151037593,"L","L","LL"
"283","G2601630543200",286,286,201,3119,9,20,7,63,3419,0.382355562762211,0.188745977190516,0.213396702698572,"L","L","LL"
"284","G2601630543400",287,287,177,3661,4,33,11,58,3944,0.3338818090582,0.163722769446672,0.186342985647536,"L","L","LL"
"285","G2601630543500",288,288,278,2316,10,55,22,41,2722,0.572016557625369,0.204698092298859,0.319248519373983,"L","L","LL"
"286","G2601630543600",289,289,549,2525,12,50,22,96,3254,0.719604885926255,0.169072539793462,0.401619133753641,"M","L","ML"
"287","G2601630543700",290,290,288,3056,5,28,6,62,3445,0.445726163392704,0.154937046450365,0.248764508321386,"L","L","LL"
"288","G2601630543800",291,291,439,1598,21,46,9,39,2152,0.768269264666865,0.155789374590293,0.42877924066329,"M","L","ML"
"289","G2601630543900",292,292,290,1151,3,30,4,33,1511,0.713498564263487,0.142647612230249,0.39821113074451,"M","L","ML"
"290","G2601630544000",293,293,504,1850,259,39,18,65,2735,0.981865371563051,0.118793101054457,0.547989497712028,"M","L","ML"
"291","G2601630544100",294,294,323,2290,6,33,6,49,2707,0.54862399213996,0.126217221957497,0.306192879994279,"L","L","LL"
"292","G2601630544200",295,295,869,2737,24,72,23,114,3839,0.818904655776829,0.112062635088078,0.45703939052134,"M","L","ML"
"293","G2601630544300",296,296,1481,1664,22,48,21,116,3352,0.950538492697784,0.169009608820258,0.530505633720639,"M","L","ML"
"294","G2601630545100",297,297,115,2635,2,11,10,55,2828,0.319389433695478,0.170074780412392,0.178254636953631,"L","L","LL"
"295","G2601630545200",298,298,101,4690,1,16,15,43,4866,0.196091637625571,0.211072483137037,0.109440826736668,"L","L","LL"
"296","G2601630545300",299,299,130,3218,0,13,2,40,3403,0.255453633420889,0.212102989361301,0.142571387403325,"L","L","LL"
"297","G2601630545400",300,300,86,641,0,5,3,14,749,0.51170883878192,0.177941553718198,0.285590140624388,"L","L","LL"
"298","G2601630545500",301,301,1484,2494,16,174,21,400,4589,1.07760602164948,0.174522975396386,0.60142337191819,"M","L","ML"
"299","G2601630545600",302,302,2911,740,66,374,17,886,4994,1.17494816320615,0.0997190035312682,0.655751055532223,"M","L","ML"
"300","G2601630545700",303,303,1752,346,72,315,12,164,2661,1.08680286151079,0.16780734474199,0.606556225975477,"M","L","ML"
"301","G2601630545800",304,304,3333,825,94,493,24,373,5142,1.08794525762013,0.0558443685219452,0.607193809383829,"M","L","ML"
"302","G2601630545900",305,305,1786,2291,26,304,31,232,4670,1.10614007245992,0.0700754769762296,0.617348528894047,"M","L","ML"
"303","G2601630546000",306,306,543,4439,12,99,7,78,5178,0.53034114789967,0.129587483485024,0.295989030340193,"L","L","LL"
"304","G2601630546100",307,307,1156,3580,41,185,10,100,5072,0.832343530610581,0.104287687220318,0.464539769374949,"M","L","ML"
"305","G2601630546200",308,308,2323,238,120,194,13,40,2928,0.781104432334221,0.167571913904858,0.435942684132009,"M","L","ML"
"306","G2601630546300",309,309,407,1400,58,33,6,37,1941,0.830747118953082,0.144128491503282,0.463648795064548,"M","L","ML"
"307","G2601630546400",310,310,125,1572,1,12,3,25,1738,0.390749641275913,0.105750407557502,0.218081527117175,"L","L","LL"
"308","G2601630546500",311,311,164,2366,11,5,4,41,2591,0.368500930742283,0.11397690966944,0.205664285341293,"L","L","LL"
"309","G2601630546600",312,312,235,2492,5,27,6,71,2836,0.480836177644061,0.147697181817045,0.268359780373434,"L","L","LL"
"310","G2601630546700",313,313,231,3773,2,21,8,62,4097,0.344357980179182,0.15494342300828,0.192189848075725,"L","L","LL"
"311","G2601630546800",314,314,181,4322,4,40,5,64,4616,0.302588692856873,0.180361673777136,0.168877964957672,"L","L","LL"
"312","G2601630546900",315,315,39,1342,2,16,7,18,1424,0.295462185420675,0.155344171087257,0.164900585427334,"L","L","LL"
"313","G2601630550100",316,316,3817,124,77,53,13,79,4163,0.406827407090133,0.185726251276094,0.227054699069294,"L","L","LL"
"314","G2601630550200",317,317,4089,186,122,117,19,146,4679,0.563864579285953,0.159797330329162,0.314698813635339,"L","L","LL"
"315","G2601630550300",318,318,3439,52,25,47,9,29,3601,0.250095148455732,0.263756691972017,0.139580760002056,"L","L","LL"
"316","G2601630550400",319,319,1610,26,24,37,0,15,1712,0.305562682258535,0.25385282164376,0.17053778004599,"L","L","LL"
"317","G2601630550500",320,320,3839,18,36,46,4,15,3958,0.176758939266573,0.242418941695171,0.0986510423426007,"L","L","LL"
"318","G2601630550600",321,321,2611,15,28,27,8,11,2700,0.194364419440123,0.232950860206988,0.108476847912997,"L","L","LL"
"319","G2601630550700",322,322,5342,36,66,63,3,26,5536,0.200163291668887,0.245813605423886,0.111713260125883,"L","L","LL"
"320","G2601630550800",323,323,1476,9,16,18,0,9,1528,0.193989526528301,0.206099130310054,0.10826761619509,"L","L","LL"
"321","G2601630550900",324,324,2537,16,109,49,5,27,2743,0.359268480010188,0.189754279629712,0.2005115564786,"L","L","LL"
"322","G2601630551100",325,325,5068,30,68,23,1,21,5211,0.161173534359696,0.267457466684941,0.089952662244969,"L","L","LL"
"323","G2601630551200",326,326,3890,37,56,54,0,38,4075,0.246850141391363,0.257684878210851,0.137769687076197,"L","L","LL"
"324","G2601630551300",327,327,3508,208,93,52,13,36,3910,0.461916049836451,0.328025624932456,0.257800255988299,"L","L","LL"
"325","G2601630551400",328,328,3145,824,83,69,6,66,4193,0.755401071609833,0.316541852636204,0.421597365373648,"M","L","ML"
"326","G2601630551500",329,329,2061,242,12,23,14,34,2386,0.520675304183199,0.0714409074056262,0.290594420247447,"L","L","LL"
"327","G2601630551600",330,330,3385,175,54,80,12,59,3765,0.464455863710655,0.185792119224975,0.259217753100955,"L","L","LL"
"328","G2601630551700",331,331,3510,8,147,37,7,45,3754,0.313105829502584,0.217829594008582,0.174747690680535,"L","L","LL"
"329","G2601630551800",332,332,3842,31,82,53,2,30,4040,0.261288732363102,0.227894156341476,0.145828018129952,"L","L","LL"
"330","G2601630552000",333,333,2003,118,272,23,5,310,2731,0.891613970318383,0.104642961622218,0.497619231616238,"M","L","ML"
"331","G2601630552100",334,334,2898,927,492,72,26,462,4877,1.16968126246845,0.192514896347343,0.65281154226152,"M","L","ML"
"332","G2601630552200",335,335,2748,191,368,44,12,379,3742,0.909256925646529,0.168895646837006,0.507465952468645,"M","L","ML"
"333","G2601630552300",336,336,2419,259,477,44,10,476,3685,1.0608489162283,0.0802129065196704,0.592071053312389,"M","L","ML"
"334","G2601630552400",337,337,1107,816,322,38,9,371,2663,1.33725077119979,0.202106586454883,0.746333865770454,"H","L","HL"
"335","G2601630552600",338,338,2448,633,469,76,26,886,4538,1.25927490436212,0.0959234949903661,0.702814705873804,"H","L","HL"
"336","G2601630552700",339,339,249,486,0,3,0,2,740,0.680940329897572,0,0.380040034163147,"M","L","ML"
"337","G2601630553000",340,340,137,1540,8,10,5,24,1724,0.43331468874094,0.207106934128351,0.241837532427064,"L","L","LL"
"338","G2601630553100",341,341,154,2446,8,8,5,61,2682,0.380531244954313,0.136969453800354,0.212378531543778,"L","L","LL"
"339","G2601630553200",342,342,32,1691,6,5,0,14,1748,0.180198658693031,0.255776080803306,0.100570786306862,"L","L","LL"
"340","G2601630553300",343,343,30,2028,9,7,3,28,2105,0.20558373591494,0.251199719446937,0.114738467660233,"L","L","LL"
"341","G2601630553400",344,344,49,1754,1,9,5,31,1849,0.26077317458474,0.168420718988993,0.145540279855247,"L","L","LL"
"342","G2601630553600",345,345,150,3150,4,31,7,104,3446,0.386995257284034,0.171248177151667,0.215986165515153,"L","L","LL"
"343","G2601630553800",346,346,116,2989,8,25,14,40,3192,0.313679048178301,0.224722223587905,0.175067610114791,"L","L","LL"
"344","G2601630554100",347,347,4031,197,41,91,21,94,4475,0.460122099929031,0.188159717161235,0.256799033481467,"L","L","LL"
"345","G2601630554200",348,348,3173,69,32,91,31,80,3476,0.428476354450224,0.215645130313257,0.239137206644609,"L","L","LL"
"346","G2601630554300",349,349,5295,114,20,88,20,80,5617,0.300564233265006,0.244663940390185,0.167748092546428,"L","L","LL"
"347","G2601630554400",350,350,3445,105,25,58,22,62,3717,0.368385788854114,0.19806765636819,0.205600023429945,"L","L","LL"
"348","G2601630554500",351,351,2785,197,33,71,22,63,3171,0.531535684685709,0.324333820560495,0.296655714014287,"L","L","LL"
"349","G2601630554600",352,352,3810,81,11,62,15,37,4016,0.273303339477526,0.34219895017243,0.15253349803435,"L","M","LM"
"350","G2601630554700",353,353,2622,80,10,44,3,22,2781,0.289081042190549,0.291327178765893,0.161339201581055,"L","L","LL"
"351","G2601630554800",354,354,2760,852,44,76,11,72,3815,0.790255090972665,0.221570641317228,0.441049763958067,"M","L","ML"
"352","G2601630554900",355,355,2922,296,26,89,10,57,3400,0.561044164926943,0.179418755762963,0.313124710410297,"L","L","LL"
"353","G2601630555100",356,356,4422,94,51,108,12,70,4757,0.357160058286317,0.26440966393642,0.199334823909256,"L","L","LL"
"354","G2601630555300",357,357,2932,365,27,90,11,67,3492,0.608696549833316,0.191940343880279,0.339720012807055,"M","L","ML"
"355","G2601630555400",358,358,1337,1519,32,78,8,66,3040,0.94864153725986,0.142449692909845,0.529446922732639,"M","L","ML"
"356","G2601630555500",359,359,2555,355,32,60,17,53,3072,0.625854177147283,0.168835786692033,0.349295866937385,"M","L","ML"
"357","G2601630555600",360,360,2642,59,10,38,8,36,2793,0.285548561328206,0.19135283590669,0.159367686473693,"L","L","LL"
"358","G2601630556100",361,361,3513,59,91,58,15,67,3803,0.384006067007739,0.245254237000586,0.214317866657169,"L","L","LL"
"359","G2601630556200",362,362,2639,53,124,71,8,36,2931,0.461132102098354,0.176932916493555,0.257362726425006,"L","L","LL"
"360","G2601630556300",363,363,2780,33,74,51,2,28,2968,0.32210251637491,0.198103909138227,0.179768837227735,"L","L","LL"
"361","G2601630556400",364,364,4088,114,225,85,1,76,4589,0.486255895236778,0.169796605695702,0.271384582354836,"L","L","LL"
"362","G2601630556500",365,365,2070,23,49,20,3,34,2199,0.305580024977311,0.208051817743658,0.170547459201633,"L","L","LL"
"363","G2601630556600",366,366,3659,20,65,42,6,28,3820,0.233822826237336,0.237928894231908,0.130499004053303,"L","L","LL"
"364","G2601630556700",367,367,2570,17,65,34,2,14,2702,0.256855445470452,0.193806736010433,0.143353753604614,"L","L","LL"
"365","G2601630556800",368,368,1777,16,22,49,0,6,1870,0.255330226648994,0.17526030397697,0.142502512772542,"L","L","LL"
"366","G2601630556900",369,369,3488,26,129,59,10,47,3759,0.355320840070519,0.163075666063174,0.198308336678473,"L","L","LL"
"367","G2601630557000",370,370,2806,95,120,100,13,45,3179,0.530330671970859,0.197981576219413,0.295983183613,"L","L","LL"
"368","G2601630557100",371,371,2442,72,61,49,12,48,2684,0.438276086795779,0.172592449522898,0.244606541404021,"L","L","LL"
"369","G2601630557200",372,372,2006,20,16,43,7,13,2105,0.257109839918373,0.156358280044925,0.143495733849334,"L","L","LL"
"370","G2601630557300",373,373,1972,15,23,23,3,21,2057,0.233155145682087,0.266976445715248,0.130126364440277,"L","L","LL"
"371","G2601630557400",374,374,3448,4,37,50,3,42,3584,0.209657937680919,0.245067033410077,0.11701232296054,"L","L","LL"
"372","G2601630557500",375,375,3954,21,86,49,3,26,4139,0.24059118373167,0.22328034249916,0.134276496295189,"L","L","LL"
"373","G2601630557600",376,376,3294,15,94,72,5,26,3506,0.304472913558931,0.216840106564625,0.169929568554259,"L","L","LL"
"374","G2601630557700",377,377,4658,4,52,42,2,26,4784,0.154230611830765,0.220565477337181,0.0860777434022502,"L","L","LL"
"375","G2601630557900",378,378,5264,55,57,65,11,53,5505,0.245682753368271,0.17821103648906,0.137118155415201,"L","L","LL"
"376","G2601630558000",379,379,4325,9,71,71,16,60,4552,0.2676273919347,0.234910994281859,0.149365691394952,"L","L","LL"
"377","G2601630558100",380,380,3569,15,56,85,4,17,3746,0.24874795376506,0.232997428502716,0.138828876329158,"L","L","LL"
"378","G2601630558200",381,381,4191,55,84,99,8,35,4472,0.323204434916891,0.251099726023313,0.180383829675608,"L","L","LL"
"379","G2601630558300",382,382,1858,22,16,47,16,30,1989,0.34281808327213,0.23227870598026,0.191330415248106,"L","L","LL"
"380","G2601630558400",383,383,3499,40,78,58,5,38,3718,0.307597135015023,0.195013706490782,0.171673229748603,"L","L","LL"
"381","G2601630558500",384,384,3971,46,58,37,2,43,4157,0.246159340557384,0.166000796554611,0.137384143789923,"L","L","LL"
"382","G2601630558600",385,385,1983,20,49,36,4,30,2122,0.335484887688528,0.178221491081716,0.187237680866319,"L","L","LL"
"383","G2601630558700",386,386,2776,3,33,64,2,33,2911,0.242869787629293,0.168522789089576,0.135548209344153,"L","L","LL"
"384","G2601630558800",387,387,2805,11,28,53,9,20,2926,0.230491309283463,0.22187726072266,0.128639649038811,"L","L","LL"
"385","G2601630558900",388,388,1888,9,26,33,7,22,1985,0.266827762738353,0.257952120114347,0.14891940984317,"L","L","LL"
"386","G2601630559000",389,389,2687,15,17,62,10,42,2833,0.274642865172574,0.204893739744619,0.153281101559295,"L","L","LL"
"387","G2601630559100",390,390,2614,28,20,68,9,32,2771,0.298151452769513,0.222840101136632,0.166401494112358,"L","L","LL"
"388","G2601630559200",391,391,2057,10,31,56,9,16,2179,0.292451261186867,0.192910860379501,0.163220156616705,"L","L","LL"
"389","G2601630560100",392,392,2978,10,38,52,3,26,3107,0.228162627365099,0.268358044238545,0.127339986914314,"L","L","LL"
"390","G2601630560200",393,393,4707,113,335,143,3,59,5360,0.519243150196438,0.0992813287416894,0.289795119888577,"L","L","LL"
"391","G2601630560300",394,394,3315,311,274,63,13,54,4030,0.682430975797456,0.299537496219719,0.380871979480297,"M","L","ML"
"392","G2601630560400",395,395,6020,36,145,62,2,58,6323,0.253685658428016,0.196025278861435,0.141584661772325,"L","L","LL"
"393","G2601630560700",396,396,4128,22,142,65,7,55,4419,0.327374598570454,0.184610992049708,0.182711242325119,"L","L","LL"
"394","G2601630560900",397,397,368,432,1,39,22,42,904,1.09488429677662,0.000908845627962859,0.611066560875121,"M","L","ML"
"395","G2601630561600",398,398,3885,15,47,50,12,50,4059,0.239795409910598,0.203437832260508,0.133832366469317,"L","L","LL"
"396","G2601630561700",399,399,2186,549,23,85,16,65,2924,0.785581339982601,0.373354894295133,0.438441293864658,"M","M","MM"
"397","G2601630561900",400,400,5349,105,345,105,4,70,5978,0.463043262075651,0.182964413320994,0.258429365117375,"L","L","LL"
"398","G2601630562300",401,401,1857,24,66,36,3,20,2006,0.364554907477228,0.207210895334705,0.203461967824448,"L","L","LL"
"399","G2601630562400",402,402,5368,47,126,78,15,48,5682,0.292699345487082,0.202536031579909,0.163358615100935,"L","L","LL"
"400","G2601630562500",403,403,2029,19,21,37,8,27,2141,0.284373111669401,0.194789896685223,0.158711655528137,"L","L","LL"
"401","G2601630562600",404,404,3194,20,35,45,6,43,3343,0.247255212306943,0.252622366539889,0.137995761458689,"L","L","LL"
"402","G2601630562700",405,405,3393,12,44,36,17,36,3538,0.232992361994873,0.281526709546239,0.130035513134613,"L","L","LL"
"403","G2601630562800",406,406,3431,35,75,41,10,50,3642,0.306396165106082,0.185301323510366,0.171002955680255,"L","L","LL"
"404","G2601630562900",407,407,3289,34,77,60,12,35,3507,0.323986887118107,0.234705050438904,0.180820524563875,"L","L","LL"
"405","G2601630563200",408,408,2632,354,327,84,17,79,3493,0.868249471504446,0.156567810782523,0.484579256544136,"M","L","ML"
"406","G2601630563300",409,409,2515,178,189,81,9,76,3048,0.702546224563386,0.0990009901178704,0.392098513572284,"M","L","ML"
"407","G2601630563400",410,410,4724,134,242,92,14,78,5284,0.483038494416827,0.135140122741098,0.269588916767346,"L","L","LL"
"408","G2601630563500",411,411,5587,183,665,94,13,94,6636,0.607238892577944,0.123009553145555,0.338906478802962,"M","L","ML"
"409","G2601630563600",412,412,1900,31,205,59,4,33,2232,0.585459461933399,0.0984741410963031,0.326751147120006,"L","L","LL"
"410","G2601630563700",413,413,1448,82,147,34,0,56,1767,0.69791251042067,0.114802665948705,0.389512388468834,"M","L","ML"
"411","G2601630563800",414,414,2693,97,154,78,5,50,3077,0.546065147196098,0.153040566988085,0.304764761439413,"L","L","LL"
"412","G2601630563900",415,415,2032,88,322,48,5,50,2545,0.721978004044886,0.0921471858628729,0.40294359619371,"M","L","ML"
"413","G2601630564000",416,416,1392,91,131,66,11,37,1728,0.763964920023895,0.203959698123145,0.42637694017771,"M","L","ML"
"414","G2601630564100",417,417,2878,138,481,106,10,88,3701,0.790054616059262,0.161997567765205,0.44093787677854,"M","L","ML"
"415","G2601630564200",418,418,3489,119,236,115,7,67,4033,0.575945824064708,0.142556300868511,0.321441484728329,"L","L","LL"
"416","G2601630564300",419,419,2135,112,194,68,8,30,2547,0.648553632235628,0.141886849449495,0.361964674039114,"M","L","ML"
"417","G2601630564400",420,420,4044,163,507,80,1,67,4862,0.631165097304501,0.155720702077797,0.352259947913894,"M","L","ML"
"418","G2601630564500",421,421,7786,706,1012,210,39,199,9952,0.793536238228513,0.169197786885481,0.442881007108835,"M","L","ML"
"419","G2601630564600",422,422,5068,222,602,126,3,105,6126,0.658384462256722,0.104257491907013,0.367451364741705,"M","L","ML"
"420","G2601630564700",423,423,3412,256,606,150,15,167,4606,0.900191144789658,0.0776553158092123,0.502406243834441,"M","L","ML"
"421","G2601630564800",424,424,3782,223,253,118,26,64,4466,0.639870049677713,0.128212848361706,0.357118274337006,"M","L","ML"
"422","G2601630564900",425,425,1702,85,19,69,6,42,1923,0.512455229129482,0.1072486953611,0.286006709008918,"L","L","LL"
"423","G2601630565000",426,426,3627,172,356,110,12,63,4340,0.653922242262282,0.154132138932804,0.364960952344799,"M","L","ML"
"424","G2601630565100",427,427,2106,172,39,52,8,74,2451,0.588784143372605,0.137358645655424,0.328606687161124,"L","L","LL"
"425","G2601630565200",428,428,4028,527,575,124,6,90,5350,0.845308750865533,0.149205439557661,0.471775796574815,"M","L","ML"
"426","G2601630565300",429,429,3782,729,254,165,20,121,5071,0.86995500822592,0.0542566588341205,0.485531134712364,"M","L","ML"
"427","G2601630565400",430,430,3900,525,461,158,19,157,5220,0.894831286584856,0.13255256962532,0.499414850013533,"M","L","ML"
"428","G2601630565500",431,431,901,26,17,10,4,23,981,0.40180307191662,0.197156847449537,0.224250564217601,"L","L","LL"
"429","G2601630565600",432,432,2399,66,35,55,5,35,2595,0.375870999615254,0.177075916047688,0.209777599097713,"L","L","LL"
"430","G2601630565700",433,433,2976,196,127,88,9,72,3468,0.603908599438852,0.211063485889348,0.337047806812504,"M","L","ML"
"431","G2601630565800",434,434,3929,112,48,101,13,52,4255,0.380249422448598,0.224712383379223,0.212221243408537,"L","L","LL"
"432","G2601630565900",435,435,2399,114,57,70,8,48,2696,0.502943234370313,0.163936600500481,0.280697963654126,"L","L","LL"
"433","G2601630566400",436,436,942,251,19,28,4,36,1280,0.809687558092585,0.29904020519365,0.451895230357802,"M","L","ML"
"434","G2601630566500",437,437,2064,195,101,54,13,68,2495,0.694463240434219,0.27028441323889,0.387587314235551,"M","L","ML"
"435","G2601630566600",438,438,1755,383,27,36,12,27,2240,0.69407868426572,0.197383941843392,0.387372689351407,"M","L","ML"
"436","G2601630566700",439,439,3885,105,23,82,22,87,4204,0.378110910567203,0.302157450561323,0.211027717202524,"L","L","LL"
"437","G2601630566800",440,440,2808,250,15,67,29,33,3202,0.510039237995004,0.266592036461845,0.284658318683113,"L","L","LL"
"438","G2601630566900",441,441,4365,961,98,102,26,78,5630,0.726375123554656,0.407175668253396,0.405397675318329,"M","M","MM"
"439","G2601630567000",442,442,2065,1311,10,60,18,93,3557,0.890975086532709,0.541297507684587,0.497262663786322,"M","M","MM"
"440","G2601630567100",443,443,3560,97,69,167,31,108,4032,0.535478774739765,0.178495390342615,0.298856394474905,"L","L","LL"
"441","G2601630567200",444,444,6150,340,135,168,26,74,6893,0.487475936559591,0.219654817380045,0.272065500381929,"L","L","LL"
"442","G2601630567300",445,445,4286,123,133,104,7,126,4779,0.480228786677352,0.281194226891713,0.268020789020442,"L","L","LL"
"443","G2601630567400",446,446,2856,33,39,52,7,29,3016,0.285990537812548,0.152683863907968,0.15961435824629,"L","L","LL"
"444","G2601630567800",447,447,4506,242,122,133,35,105,5143,0.556347516521495,0.175955818083387,0.310503461026042,"L","L","LL"
"445","G2601630567900",448,448,2910,50,31,61,26,49,3127,0.360550466507181,0.218401476453139,0.201227046765667,"L","L","LL"
"446","G2601630568000",449,449,2072,120,35,36,8,38,2309,0.466459243016038,0.124216801623578,0.260335860380301,"L","L","LL"
"447","G2601630568200",450,450,3821,122,46,83,11,76,4159,0.398162341594265,0.184050416753125,0.222218633936287,"L","L","LL"
"448","G2601630568300",451,451,3928,187,33,70,18,83,4319,0.425081997779368,0.222842939061964,0.237242780116299,"L","L","LL"
"449","G2601630568400",452,452,3670,47,52,71,20,46,3906,0.321403441883491,0.237658773362916,0.179378676325322,"L","L","LL"
"450","G2601630568500",453,453,4935,203,40,188,54,126,5546,0.506310682328095,0.144296960359813,0.282577372143723,"L","L","LL"
"451","G2601630568700",454,454,2937,481,94,122,7,88,3729,0.757081979653338,0.164212293935633,0.422535498014983,"M","L","ML"
"452","G2601630569100",455,455,2559,2,12,55,5,26,2659,0.203948818234374,0.20652497819581,0.113826002729173,"L","L","LL"
"453","G2601630569200",456,456,2877,36,23,70,13,18,3037,0.281462170372986,0.282992176426498,0.157087028257341,"L","L","LL"
"454","G2601630569300",457,457,3814,59,29,77,17,54,4050,0.309393757255687,0.261757559393977,0.172675943713016,"L","L","LL"
"455","G2601630569400",458,458,2983,50,37,55,10,48,3183,0.329326002874916,0.238320274955864,0.183800341804137,"L","L","LL"
"456","G2601630569500",459,459,2953,20,8,89,8,35,3113,0.265222973208698,0.307056381792651,0.148023759753291,"L","L","LL"
"457","G2601630569600",460,460,3725,36,26,53,23,34,3897,0.249956730466899,0.268349105032,0.139503507451582,"L","L","LL"
"458","G2601630569700",461,461,4429,54,38,100,23,40,4684,0.292344962636127,0.230882225138285,0.16316083026595,"L","L","LL"
"459","G2601630569800",462,462,2503,37,25,65,9,41,2680,0.339828987192443,0.27564730608177,0.18966216896225,"L","L","LL"
"460","G2601630569900",463,463,2595,36,14,47,4,48,2744,0.286539624695107,0.277957276269026,0.159920809470345,"L","L","LL"
"461","G2601630570100",464,464,1831,1451,909,103,11,151,4456,1.27169269296511,0.213638272223532,0.7097452056514,"H","L","HL"
"462","G2601630570200",465,465,1831,1047,4,94,24,78,3078,0.921956834714458,0.0820715824537595,0.514553906675691,"M","L","ML"
"463","G2601630570400",466,466,1990,3560,37,96,31,228,5942,0.924081926934481,0.199479508990445,0.515739943226087,"M","L","ML"
"464","G2601630570500",467,467,1175,2812,48,73,13,106,4227,0.858186546055206,0.213850564592571,0.478963030916722,"M","L","ML"
"465","G2601630570600",468,468,52,2508,6,37,5,48,2656,0.288791791985165,0.160720328091932,0.161177767967698,"L","L","LL"
"466","G2601630570800",469,469,92,3624,11,36,21,95,3879,0.33143512565956,0.318282675447528,0.184977465642949,"L","L","LL"
"467","G2601630570900",470,470,125,2892,6,9,3,76,3111,0.323355514659187,0.340800219024079,0.18046814888524,"L","M","LM"
"468","G2601630571000",471,471,283,2373,5,34,3,68,2766,0.528711265380089,0.222413352020529,0.295079375585984,"L","L","LL"
"469","G2601630571500",472,472,3425,209,136,141,7,266,4184,0.725050771524323,0.176347267283755,0.404658540376905,"M","L","ML"
"470","G2601630571600",473,473,1456,28,21,58,4,57,1624,0.475503362550753,0.231336207426706,0.265383479600425,"L","L","LL"
"471","G2601630571700",474,474,1839,238,48,94,4,101,2324,0.775708954424657,0.253519308451881,0.432931410575358,"M","L","ML"
"472","G2601630571800",475,475,2864,23,20,121,9,55,3092,0.355503854965681,0.216258590132698,0.19841047923628,"L","L","LL"
"473","G2601630571900",476,476,2699,128,60,66,4,65,3022,0.4875535839273,0.24343363355652,0.272108836202972,"L","L","LL"
"474","G2601630572000",477,477,1706,0,25,42,7,59,1839,0.3459369973724,0.206633564855272,0.193071114350767,"L","L","LL"
"475","G2601630572100",478,478,5594,23,115,216,22,114,6084,0.386672773579237,0.1888759516672,0.215806183932616,"L","L","LL"
"476","G2601630572200",479,479,5676,90,116,183,14,139,6218,0.421287613284392,0.200828859126557,0.235125093808431,"L","L","LL"
"477","G2601630572400",480,480,1271,41,24,43,8,31,1418,0.488386119650377,0.200243185602275,0.272573483237004,"L","L","LL"
"478","G2601630572500",481,481,1710,135,7,80,13,36,1981,0.565404592898817,0.249375826108675,0.315558311597712,"L","L","LL"
"479","G2601630572600",482,482,4933,46,85,294,18,110,5486,0.454183658664323,0.189902257918041,0.253484726306483,"L","L","LL"
"480","G2601630572700",483,483,4614,15,47,167,40,64,4947,0.336406375370145,0.237625725342071,0.187751972933666,"L","L","LL"
"481","G2601630572800",484,484,5641,27,56,237,27,74,6062,0.339001658291001,0.252595001053567,0.189200427910703,"L","L","LL"
"482","G2601630572900",485,485,2574,6,35,93,9,53,2770,0.344978423167388,0.29861660512967,0.192536123900612,"L","L","LL"
"483","G2601630573000",486,486,2658,13,78,44,5,122,2920,0.413237919567478,0.211860473977546,0.230632474204539,"L","L","LL"
"484","G2601630573100",487,487,3372,202,420,95,5,199,4293,0.795477761428735,0.28005624142925,0.443964591838575,"M","L","ML"
"485","G2601630573300",488,488,2876,19,56,152,10,592,3705,0.727028955915944,0.126822040143276,0.405762586107147,"M","L","ML"
"486","G2601630573400",489,489,3797,64,53,147,6,464,4531,0.613667797402018,0.158549640937291,0.342494518902364,"M","L","ML"
"487","G2601630573500",490,490,3662,65,138,81,9,1259,5214,0.817758912581323,0.170676873996208,0.456399939068629,"M","L","ML"
"488","G2601630573600",491,491,5085,97,69,191,15,1518,6975,0.779130297970374,0.161199661440464,0.434840898765305,"M","L","ML"
"489","G2601630573700",492,492,6437,79,107,189,7,1584,8403,0.709406227016916,0.148921120475994,0.395927153839768,"M","L","ML"
"490","G2601630573800",493,493,4434,82,26,113,6,899,5560,0.648908641808369,0.215546445394222,0.362162808654188,"M","L","ML"
"491","G2601630573900",494,494,3971,31,102,140,9,758,5011,0.692082792961225,0.160268836063211,0.386258761204926,"M","L","ML"
"492","G2601630574000",495,495,4255,59,71,213,17,1002,5617,0.762614849164026,0.138787623609834,0.42562345128422,"M","L","ML"
"493","G2601630574100",496,496,2905,38,29,143,12,180,3307,0.521354671100954,0.167495603447728,0.290973582143573,"L","L","LL"
"494","G2601630574200",497,497,2076,153,159,74,4,57,2523,0.703987840091119,0.0993118751342755,0.392903094517714,"M","L","ML"
"495","G2601630574300",498,498,1950,116,72,140,14,220,2512,0.843523502407904,0.163443622978956,0.470779430439578,"M","L","ML"
"496","G2601630574400",499,499,671,47,37,26,1,23,805,0.67994554709417,0.0506473826086169,0.379484835309458,"M","L","ML"
"497","G2601630574500",500,500,2994,5,26,65,5,62,3157,0.267357566138684,0.269440890535175,0.149215098750877,"L","L","LL"
"498","G2601630574600",501,501,4651,17,34,157,8,34,4901,0.259005886530186,0.244793373384866,0.144553937611823,"L","L","LL"
"499","G2601630574700",502,502,4103,23,50,156,6,50,4388,0.319936177469467,0.193770955668478,0.178559780463895,"L","L","LL"
"500","G2601630574800",503,503,4187,9,47,82,4,60,4389,0.245644753426665,0.255259113851052,0.137096947243983,"L","L","LL"
"501","G2601630574900",504,504,1622,85,41,54,5,24,1831,0.511807636326626,0.39103129698879,0.285645280583966,"L","M","LM"
"502","G2601630575000",505,505,4335,9,48,161,12,61,4626,0.309824351062114,0.209520045430253,0.17291626269211,"L","L","LL"
"503","G2601630575100",506,506,2661,9,43,74,13,19,2819,0.290657915594158,0.213041096408502,0.162219271384335,"L","L","LL"
"504","G2601630575200",507,507,4063,142,75,151,23,57,4511,0.467048284230668,0.293396683537318,0.260664610541663,"L","L","LL"
"505","G2601630575300",508,508,3635,5,17,89,13,29,3788,0.217483915877724,0.265362130376461,0.121380084555335,"L","L","LL"
"506","G2601630575400",509,509,3176,7,46,145,7,35,3416,0.33215301832589,0.238310104647512,0.18537812916875,"L","L","LL"
"507","G2601630575500",510,510,3824,44,59,154,6,47,4134,0.364046423748898,0.210508572516662,0.203178177652238,"L","L","LL"
"508","G2601630575600",511,511,1523,20,39,34,2,34,1652,0.384813111366343,0.204748961179898,0.214768286689805,"L","L","LL"
"509","G2601630576000",512,512,1615,90,44,139,12,34,1934,0.671148696102505,0.22662486276807,0.374575219290821,"M","L","ML"
"510","G2601630576100",513,513,5680,29,63,406,17,76,6271,0.407463746983204,0.192573901533509,0.227409847125715,"L","L","LL"
"511","G2601630576200",514,514,2598,3,12,100,9,15,2737,0.24900016140466,0.223230534418713,0.138969636092917,"L","L","LL"
"512","G2601630576300",515,515,2273,6,13,136,13,19,2460,0.340764623727033,0.196949763788456,0.190184357654794,"L","L","LL"
"513","G2601630576400",516,516,3774,37,25,105,6,20,3967,0.255601947588524,0.260301902672391,0.14265416311635,"L","L","LL"
"514","G2601630576500",517,517,3821,10,16,170,14,24,4055,0.275567121661254,0.190775325351836,0.153796938927286,"L","L","LL"
"515","G2601630576600",518,518,4110,5,25,175,8,53,4376,0.289863726607017,0.164748211364433,0.161776026071122,"L","L","LL"
"516","G2601630576700",519,519,3303,31,41,158,15,28,3576,0.364504186724223,0.167892615863609,0.203433660033209,"L","L","LL"
"517","G2601630577000",520,520,3255,481,38,347,31,90,4242,0.814779316250821,0.296093843050412,0.454736994693743,"M","L","ML"
"518","G2601630577100",521,521,2649,74,28,318,35,54,3158,0.62791914331007,0.168154007163337,0.350448346496306,"M","L","ML"
"519","G2601630577200",522,522,3137,49,36,293,22,77,3614,0.543835255495114,0.173088325119865,0.303520235185035,"L","L","LL"
"520","G2601630577300",523,523,3080,37,10,200,13,60,3400,0.415069616378376,0.160212935595741,0.231654763659321,"L","L","LL"
"521","G2601630577400",524,524,3369,21,16,289,8,40,3743,0.40654916445073,0.139352731737936,0.226899408895483,"L","L","LL"
"522","G2601630577500",525,525,3255,21,10,206,14,30,3536,0.35125048277361,0.172623115644454,0.196036627017208,"L","L","LL"
"523","G2601630577600",526,526,3739,18,17,180,18,52,4024,0.334929042893114,0.157813304819212,0.186927457979286,"L","L","LL"
"524","G2601630577700",527,527,2254,5,18,107,5,17,2406,0.296860114102943,0.197585133575867,0.165680784280068,"L","L","LL"
"525","G2601630577800",528,528,4664,33,9,276,11,49,5042,0.333728111753417,0.181427997355952,0.186257205548464,"L","L","LL"
"526","G2601630577900",529,529,3868,30,5,179,12,50,4144,0.314061675456821,0.178269086472086,0.175281158464941,"L","L","LL"
"527","G2601630578000",530,530,2431,41,13,161,4,49,2699,0.434105228520498,0.115935618985041,0.242278741078747,"L","L","LL"
"528","G2601630578500",531,531,4300,55,55,500,26,92,5028,0.562511448808219,0.128986254534769,0.313943617136605,"L","L","LL"
"529","G2601630578600",532,532,4473,501,86,455,43,149,5707,0.801392493077478,0.287075851353412,0.447265666424937,"M","L","ML"
"530","G2601630579100",534,534,1960,519,2,189,28,79,2777,0.895106243676828,0.131528721076697,0.499568306488408,"M","L","ML"
"531","G2601630579200",535,535,2958,638,14,281,30,138,4059,0.877090077403619,0.168231381571487,0.489513292641616,"M","L","ML"
"532","G2601630579300",536,536,33,2987,2,22,4,33,3081,0.175900755705467,0.275762795498716,0.098172080977616,"L","L","LL"
"533","G2601630579500",537,537,1611,261,1,136,23,71,2103,0.807641879789369,0.11240012949118,0.450753515558272,"M","L","ML"
"534","G2601630579600",538,538,55,3585,0,41,4,47,3732,0.212737155945422,0.238703635173827,0.11873086739543,"L","L","LL"
"535","G2601630579700",539,539,2128,475,18,609,14,108,3352,1.03683893250887,0.14589497351891,0.578670826255251,"M","L","ML"
"536","G2601630579800",540,540,1519,212,4,218,17,72,2042,0.86412007452086,0.191665810665051,0.482274596206348,"M","L","ML"
"537","G2601630580100",541,541,2288,32,5,88,7,43,2463,0.343856930940943,0.224970195043321,0.191910207171439,"L","L","LL"
"538","G2601630580200",542,542,3051,10,8,89,18,47,3223,0.274471182416554,0.194552701604478,0.153185283588765,"L","L","LL"
"539","G2601630580300",543,543,2744,4,2,136,11,37,2934,0.295044492981342,0.208765497570694,0.164667466838312,"L","L","LL"
"540","G2601630580400",544,544,2629,2,25,66,3,18,2743,0.218890144353731,0.240460630150119,0.122164915611154,"L","L","LL"
"541","G2601630580500",545,545,2964,7,5,71,12,25,3084,0.209825812818236,0.216292703057596,0.117106015858611,"L","L","LL"
"542","G2601630580600",546,546,3151,15,7,99,18,44,3334,0.280346720648786,0.189387058878765,0.156464483912882,"L","L","LL"
"543","G2601630580700",547,547,3846,20,19,127,20,80,4112,0.32325388002691,0.21301412757947,0.180411425516941,"L","L","LL"
"544","G2601630580800",548,548,1665,9,8,43,10,50,1785,0.334770036104019,0.291762097903638,0.186838714600597,"L","L","LL"
"545","G2601630580900",549,549,4083,45,18,97,22,63,4328,0.298795709437824,0.256240840237845,0.166761060605168,"L","L","LL"
"546","G2601630581100",550,550,3384,181,108,243,26,55,3997,0.64064398417197,0.155331237792976,0.357550215402505,"M","L","ML"
"547","G2601630581200",551,551,3198,88,160,96,20,26,3588,0.493713007731157,0.159042238229552,0.275546476081337,"L","L","LL"
"548","G2601630581500",552,552,2282,3,13,71,9,17,2395,0.243143986984485,0.23639017605526,0.135701242918079,"L","L","LL"
"549","G2601630581600",553,553,4474,111,61,198,29,40,4913,0.424244258730024,0.150538308074549,0.236775229050583,"L","L","LL"
"550","G2601630581800",554,554,2775,10,5,110,12,31,2943,0.278817406569607,0.189585777765927,0.155610957473957,"L","L","LL"
"551","G2601630581900",555,555,4609,8,20,217,10,46,4910,0.286487949721344,0.206442063544036,0.159891969118362,"L","L","LL"
"552","G2601630582000",556,556,2617,201,109,134,13,41,3115,0.655715728756211,0.1339404315323,0.365961916215637,"M","L","ML"
"553","G2601630582100",557,557,4043,22,34,129,12,35,4275,0.279803931059583,0.17961749390537,0.156161547275166,"L","L","LL"
"554","G2601630583000",558,558,2651,11,37,100,18,47,2864,0.36552672879208,0.193925720853428,0.204004351627376,"L","L","LL"
"555","G2601630583100",559,559,4214,46,10,137,29,35,4471,0.293978482053911,0.228356717003239,0.164072514811693,"L","L","LL"
"556","G2601630583200",560,560,2965,19,13,105,31,52,3185,0.344399844578214,0.183309813090179,0.192213213041699,"L","L","LL"
"557","G2601630583300",561,561,2622,17,29,70,26,32,2796,0.325643566301925,0.208906574954574,0.18174513482115,"L","L","LL"
"558","G2601630583400",562,562,5027,31,25,174,32,59,5348,0.304918790599044,0.206695665602556,0.170178417268481,"L","L","LL"
"559","G2601630583500",563,563,2835,22,18,71,18,33,2997,0.288394612903809,0.199830649877155,0.160956098101749,"L","L","LL"
"560","G2601630583600",564,564,2623,23,26,127,21,30,2850,0.380877929835315,0.17843266086145,0.21257202005993,"L","L","LL"
"561","G2601630583700",565,565,3382,55,16,105,11,26,3595,0.30206907985522,0.172316872941888,0.168587963419756,"L","L","LL"
"562","G2601630583800",566,566,4210,131,88,137,37,55,4658,0.4613546245286,0.14809989582853,0.257486918557972,"L","L","LL"
"563","G2601630583900",567,567,3126,505,157,102,9,61,3960,0.749647566011844,0.198399875642166,0.418386272759488,"M","L","ML"
"564","G2601630584000",568,568,3516,669,91,142,29,121,4568,0.797026438169553,0.271103198209353,0.444828924784718,"M","L","ML"
"565","G2601630584100",569,569,1879,24,7,76,15,28,2029,0.36158469762136,0.169053550672637,0.2018042621408,"L","L","LL"
"566","G2601630584200",570,570,2776,455,71,134,27,92,3555,0.789628321592511,0.171653291322718,0.440699957306606,"M","L","ML"
"567","G2601630584300",571,571,1586,121,84,67,19,38,1915,0.708619979852895,0.0803473466904367,0.395488340942431,"M","L","ML"
"568","G2601630584400",572,572,2720,76,94,113,24,57,3084,0.541135602914909,0.110857151265154,0.302013530392027,"L","L","LL"
"569","G2601630584500",573,573,1900,164,28,90,12,31,2225,0.599560469787799,0.298437726778824,0.334621069448629,"M","L","ML"
"570","G2601630584600",574,574,1532,280,142,59,9,60,2082,0.905411098431888,0.148910934252009,0.505319555432274,"M","L","ML"
"571","G2601630584700",575,575,2595,83,90,86,14,57,2925,0.520399095488932,0.143695897202539,0.29044026524003,"L","L","LL"
"572","G2601630584800",576,576,3179,2989,57,236,22,278,6761,1.0229000263549,0.244525913127497,0.570891374608218,"M","L","ML"
"573","G2601630585500",577,577,2178,129,8,42,21,65,2443,0.483640647922926,0.210285728926106,0.269924985037915,"L","L","LL"
"574","G2601630585600",578,578,448,1741,13,49,11,102,2364,0.810059959969082,0.178785922880579,0.452103071802422,"M","L","ML"
"575","G2601630585700",579,579,1236,731,3,44,9,55,2078,0.887301491770286,0.0957283408897863,0.495212391511771,"M","L","ML"
"576","G2601630585800",580,580,2202,1588,14,68,16,111,3999,0.905957648778281,0.325668539388081,0.505624590988541,"M","L","ML"
"577","G2601630585900",581,581,2301,939,19,41,27,45,3372,0.795847634688544,0.406100818531885,0.444171022035352,"M","M","MM"
"578","G2601630586000",582,582,14,3,0,0,1,0,18,0.654669564528501,0.403456704448603,0.365378040843034,"M","M","MM"
"579","G2601630586200",583,583,4426,1684,86,183,26,204,6609,0.901844550517835,0.159692376443899,0.503329027141337,"M","L","ML"
"580","G2601630586300",584,584,1968,39,10,36,7,36,2096,0.317455460287292,0.139556102494448,0.177175265843055,"L","L","LL"
"581","G2601630587000",585,585,3453,314,45,101,13,76,4002,0.564213943076655,0.156952505879088,0.314893797279462,"L","L","LL"
"582","G2601630587900",586,586,2842,729,41,86,27,113,3838,0.810243097894658,0.221356202649748,0.452205283024811,"M","L","ML"
"583","G2601630588000",587,587,4083,739,234,120,28,119,5323,0.812962228695719,0.0948714130996536,0.453722858819866,"M","L","ML"
"584","G2601630588100",588,588,2241,125,6,52,18,41,2483,0.442019478013493,0.220422638560327,0.246695767821966,"L","L","LL"
"585","G2601630588200",589,589,2336,741,114,125,10,102,3428,0.948005411289462,0.0660001807993573,0.529091894068734,"M","L","ML"
"586","G2601630588300",590,590,4394,227,18,115,24,73,4851,0.431799865222594,0.177964520616337,0.240992093324126,"L","L","LL"
"587","G2601630588400",591,591,3234,259,34,31,8,65,3631,0.461369867190692,0.237746678270776,0.257495425649663,"L","L","LL"
"588","G2601630589300",592,592,3672,608,4,72,32,93,4481,0.622538252033947,0.339766448765527,0.347445213894785,"M","M","MM"
"589","G2601630589400",593,593,6223,848,17,139,23,125,7375,0.567973374969505,0.299465262480498,0.316991976168657,"L","L","LL"
"590","G2601630590400",594,594,5753,76,16,148,27,71,6091,0.290468699455551,0.193997539928648,0.162113667846664,"L","L","LL"
"591","G2601630590500",595,595,5611,57,21,156,42,80,5967,0.310124968539309,0.224745400708305,0.17308404050066,"L","L","LL"
"592","G2601630590600",596,596,1594,7,10,40,7,21,1679,0.269361813017017,0.264268564533542,0.150333690231907,"L","L","LL"
"593","G2601630591500",597,597,4669,441,425,191,22,118,5866,0.77741992331817,0.172443155667339,0.433886320496527,"M","L","ML"
"594","G2601630591600",598,598,978,63,11,30,8,22,1112,0.531813693502357,0.284105803231104,0.296810873689133,"L","L","LL"
"595","G2601630591700",599,599,4155,97,176,199,12,76,4715,0.529381025267132,0.138342092951016,0.295453175696181,"L","L","LL"
"596","G2601630591800",600,600,3711,198,208,216,21,118,4472,0.702965801330868,0.128331717268705,0.39233268382487,"M","L","ML"
"597","G2601630591900",601,601,4574,59,55,135,16,53,4892,0.333397213122905,0.150633616417593,0.186072527506464,"L","L","LL"
"598","G2601630592000",602,602,1828,9,4,53,20,18,1932,0.279688686690815,0.275270714279047,0.156097228168306,"L","L","LL"
"599","G2601630593000",603,603,4753,135,79,126,27,78,5198,0.420784113754675,0.176468530215242,0.234844085370433,"L","L","LL"
"600","G2601630593200",604,604,3512,89,75,175,11,57,3919,0.476773937973825,0.135702778333867,0.266092601245877,"L","L","LL"
"601","G2601630593300",605,605,3116,68,49,132,19,29,3413,0.417266919549134,0.161522887599466,0.232881101908676,"L","L","LL"
"602","G2601630594000",606,606,2636,7,38,82,15,50,2828,0.34009670327628,0.235542932262873,0.189811584153538,"L","L","LL"
"603","G2601630594100",607,607,4363,8,28,73,13,33,4518,0.195859493545018,0.240940650190697,0.10931126465842,"L","L","LL"
"604","G2601630594200",608,608,2635,2,27,50,6,20,2740,0.210756050852395,0.223209064908826,0.117625191590696,"L","L","LL"
"605","G2601630594300",609,609,3346,1,15,72,17,29,3480,0.209704300021468,0.208718381929753,0.117038198275472,"L","L","LL"
"606","G2601630594400",610,610,2445,12,13,58,16,32,2576,0.272729163633789,0.191457869235633,0.152213044394451,"L","L","LL"
"607","G2601630594500",611,611,3263,43,33,55,11,37,3442,0.283121403777985,0.170103984677992,0.1580130640526,"L","L","LL"
"608","G2601630595000",612,612,4046,30,27,91,25,42,4261,0.273956152504639,0.230759671797085,0.152897839921933,"L","L","LL"
"609","G2601630595100",613,613,5278,182,158,151,12,68,5849,0.457115645823491,0.172623049500914,0.255121099496927,"L","L","LL"
"610","G2601630595200",614,614,2903,63,65,85,16,30,3162,0.404486344879866,0.153633368302184,0.225748127372326,"L","L","LL"
"611","G2601630596100",615,615,3746,16,96,60,5,21,3944,0.261712260814426,0.208267099919114,0.146064393859283,"L","L","LL"
"612","G2601630596200",616,616,4113,15,144,68,13,58,4411,0.334713670928363,0.183025716954902,0.186807256597097,"L","L","LL"
"613","G2601630596300",617,617,2382,8,58,47,17,27,2539,0.320046391962776,0.263641455120277,0.178621292343811,"L","L","LL"
"614","G2601630597000",618,618,4078,22,17,78,13,56,4264,0.239612843341253,0.230437974074437,0.133730474126912,"L","L","LL"
"615","G2601630598000",619,619,3233,22,21,87,34,45,3442,0.317521823153831,0.206921712721334,0.177212303664079,"L","L","LL"
"616","G2601630599000",620,620,3559,102,10,91,18,59,3839,0.360119669254167,0.23047501062523,0.200986614240871,"L","L","LL"
"617","G2601630599100",621,621,4368,17,30,138,17,79,4649,0.305807098146676,0.117483684004655,0.17067419115046,"L","L","LL"
